<?xml version="1.0" encoding="UTF-8"?>
<project-private xmlns="http://www.netbeans.org/ns/project-private/1">
    <editor-bookmarks xmlns="http://www.netbeans.org/ns/editor-bookmarks/2" lastBookmarkId="0"/>
    <open-files xmlns="http://www.netbeans.org/ns/projectui-open-files/2">
        <group>
            <file>file:/D:/codebase/humhub/modules/humhub-modules-termsbox/config.php</file>
            <file>file:/D:/codebase/humhub/modules/humhub-modules-termsbox/widgets/views/termsboxModal.php</file>
            <file>file:/D:/codebase/humhub/modules/humhub-modules-termsbox/assets/termsbox.css</file>
            <file>file:/D:/codebase/humhub/modules/humhub-modules-termsbox/tests/codeception/unit/_bootstrap.php</file>
            <file>file:/D:/codebase/humhub/modules/humhub-modules-termsbox/module.json</file>
            <file>file:/D:/codebase/humhub/modules/humhub-modules-termsbox/tests/codeception/functional/_bootstrap.php</file>
        </group>
    </open-files>
</project-private>
