<?xml version="1.0" encoding="UTF-8"?>
<project-private xmlns="http://www.netbeans.org/ns/project-private/1">
    <editor-bookmarks xmlns="http://www.netbeans.org/ns/editor-bookmarks/2" lastBookmarkId="0"/>
    <open-files xmlns="http://www.netbeans.org/ns/projectui-open-files/2">
        <group>
            <file>file:/D:/codebase/humhub/modules/reportcontent/messages/fa_ir/widgets_views_reportSpamLink.php</file>
            <file>file:/D:/codebase/humhub/modules/reportcontent/views/reportContentAdminGrid.php</file>
            <file>file:/D:/codebase/humhub/modules/reportcontent/Events.php</file>
            <file>file:/D:/codebase/humhub/modules/reportcontent/views/space-admin/index.php</file>
            <file>file:/D:/codebase/humhub/modules/reportcontent/models/ReportReasonForm.php</file>
            <file>file:/D:/codebase/humhub/modules/reportcontent/widgets/views/reportContentModal.php</file>
            <file>file:/D:/codebase/humhub/modules/reportcontent/module.json</file>
            <file>file:/D:/codebase/humhub/modules/reportcontent/config.php</file>
            <file>file:/D:/codebase/humhub/modules/reportcontent/views/admin/index.php</file>
            <file>file:/D:/codebase/humhub/modules/reportcontent/controllers/ReportContentController.php</file>
            <file>file:/D:/codebase/humhub/modules/reportcontent/controllers/AdminController.php</file>
            <file>file:/D:/codebase/humhub/modules/reportcontent/widgets/views/reportContentLink.php</file>
        </group>
    </open-files>
</project-private>
